player_id,gsis_id,name,position,pro_team
5529,00-0022942,Philip Rivers,,
8439,00-0023459,Aaron Rodgers,,
9614,00-0024243,Marcedes Lewis,,
10621,00-0025565,Nick Folk,,
11122,00-0023853,Matt Prater,,
11252,00-0026158,Joe Flacco,,
11394,00-0026300,Josh Johnson,,
12460,00-0026858,Graham Gano,,
12483,00-0026498,Matthew Stafford,,
14012,00-0027973,Andy Dalton,,
14163,00-0028118,Tyrod Taylor,,
14880,00-0029604,Kirk Cousins,,
14881,00-0029263,Russell Wilson,,
14993,00-0029621,Greg Zuerlein,,
15168,00-0028986,Case Keenum,,
15683,00-0029597,Justin Tucker,,
15795,00-0030564,DeAndre Hopkins,,
15807,00-0030578,Cordarrelle Patterson,,
15818,00-0030279,Keenan Allen,,
15835,00-0030061,Zach Ertz,,
15847,00-0030506,Travis Kelce,,
15864,00-0030565,Geno Smith,,
15965,00-0030098,Dustin Hopkins,,
16002,00-0029892,Kyle Juszczyk,,
16339,00-0029822,Brandon McManus,,
16460,00-0030035,Adam Thielen,,
16728,00-0031237,Teddy Bridgewater,,
16731,00-0031236,Brandin Cooks,,
16733,00-0031235,Odell Beckham Jr.,,
16737,00-0031408,Mike Evans,,
16757,00-0031280,Derek Carr,,
16760,00-0031345,Jimmy Garoppolo,,
16800,00-0031381,Davante Adams,,
17372,00-0031136,Chris Boswell,,
17427,00-0031203,Cairo Santos,,
2310331,00-0036427,Tyler Johnson,,
2468609,00-0033357,Taysom Hill,,
2473037,00-0031492,Jason Myers,,
2515270,00-0031595,Michael Burton,,
2531358,00-0031484,Chris Manhertz,,
2573079,00-0032950,Carson Wentz,,
2573401,00-0033110,Tyler Higbee,,
2574511,00-0032434,Brandon Allen,,
2576336,00-0032104,Ameer Abdullah,,
2576399,00-0032394,Nick Vannett,,
2576414,00-0031687,Raheem Mostert,,
2576581,00-0032398,Chris Moore,,
2576925,00-0031610,Darren Waller,,
2576980,00-0032268,Marcus Mariota,,
2577327,00-0032211,Tyler Lockett,,
2577417,00-0033077,Dak Prescott,,
2578570,00-0033119,Jacoby Brissett,,
2579604,00-0032208,Phillip Dorsett II,,
2969939,00-0031503,Jameis Winston,,
2971573,00-0032726,Ka'imi Fairbairn,,
2972515,00-0033662,Cooper Rush,,
2973405,00-0032464,Kalif Raymond,,
2975417,00-0033376,Patrick Ricard,,
2975674,00-0033757,Robert Tonyan,,
2975863,00-0033576,Eric Saubert,,
2976212,00-0031588,Stefon Diggs,,
2976499,00-0031544,Amari Cooper,,
2976592,00-0032385,Sterling Shepard,,
2977187,00-0033908,Cooper Kupp,,
2985659,00-0032569,Wil Lutz,,
2991662,00-0033555,Mack Hollins,,
2998565,00-0033217,Mo Alie-Cox,,
3039707,00-0033869,Mitchell Trubisky,,
3040151,00-0033288,George Kittle,,
3042519,00-0033293,Aaron Jones Sr.,,
3043078,00-0032764,Derrick Henry,,
3043116,00-0032775,Demarcus Robinson,,
3043234,00-0033862,Zane Gonzalez,,
3043275,00-0032392,Austin Hooper,,
3044720,00-0033949,Joshua Dobbs,,
3045138,00-0033536,Mike Williams,,
3045147,00-0033553,James Conner,,
3045523,00-0033307,Kendrick Bourne,,
3046439,00-0033090,Hunter Henry,,
3046779,00-0033106,Jared Goff,,
3049899,00-0033702,Younghoe Koo,,
3050478,00-0033787,Jake Elliott,,
3050481,00-0034613,Tanner Hudson,,
3051392,00-0033045,Ezekiel Elliott,,
3051738,00-0034272,Marquez Valdes-Scantling,,
3051876,00-0033881,Evan Engram,,
3051889,00-0032951,Laquon Treadwell,,
3051909,00-0034161,Daniel Carlson,,
3052096,00-0033246,Johnny Mundt,,
3052587,00-0034855,Baker Mayfield,,
3052897,00-0034798,Durham Smythe,,
3054212,00-0033858,Jonnu Smith,,
3054850,00-0033906,Alvin Kamara,,
3055899,00-0033303,Harrison Butker,,
3059915,00-0033923,Kareem Hunt,,
3059989,00-0033319,Nick Mullens,,
3068267,00-0033699,Austin Ekeler,,
3115293,00-0034577,Kyle Allen,,
3115928,00-0034867,Malik Turner,,
3116164,00-0034829,Mike Gesicki,,
3116165,00-0033921,Chris Godwin Jr.,,
3116365,00-0034753,Mark Andrews,,
3116385,00-0033897,Joe Mixon,,
3116389,00-0033526,Samaje Perine,,
3116406,00-0033040,Tyreek Hill,,
3116407,00-0034771,Mason Rudolph,,
3116593,00-0033893,Dalvin Cook,,
3117251,00-0033280,Christian McCaffrey,,
3117256,00-0034383,Dalton Schultz,,
3118892,00-0034386,Justin Watson,,
3120348,00-0033857,JuJu Smith-Schuster,,
3121023,00-0034351,Dallas Goedert,,
3121422,00-0035659,Terry McLaurin,,
3121427,00-0033282,Curtis Samuel,,
3122168,00-0034487,Trent Sherfield,,
3122840,00-0033537,Deshaun Watson,,
3123052,00-0034084,Michael Badgley,,
3123075,00-0034419,Braxton Berrios,,
3123076,00-0033885,David Njoku,,
3124084,00-0035192,Joey Slye,,
3124679,00-0034794,Jason Sanders,,
3125107,00-0034959,Andrew Beck,,
3126486,00-0035719,Deebo Samuel,,
3126997,00-0035544,Tom Kennedy,,
3127310,00-0035631,Drew Sample,,
3127586,00-0033955,Jeremy McNichols,,
3128429,00-0034348,Courtland Sutton,,
3128720,00-0034791,Nick Chubb,,
3134353,00-0033375,Tim Patrick,,
3139477,00-0033873,Patrick Mahomes,,
3149687,00-0038685,Chris Brooks,,
3150744,00-0035358,Chase McLaughlin,,
3676833,00-0037801,KaVontae Turpin,,
3821683,00-0035145,Austin Seibert,,
3843945,00-0034981,Foster Moreau,,
3871102,00-0035359,David Sills V,,
3886598,00-0036259,Jauan Jennings,,
3886812,00-0035100,Jake Browning,,
3892775,00-0035264,Jarrett Stidham,,
3895856,00-0034775,Christian Kirk,,
3911853,00-0036422,Adam Trautman,,
3912547,00-0034869,Sam Darnold,,
3914397,00-0035298,Scotty Miller,,
3915411,00-0035537,Ty Johnson,,
3915416,00-0034827,DJ Moore,,
3915486,00-0034270,Tyler Conklin,,
3915511,00-0036442,Joe Burrow,,
3916148,00-0035261,Tony Pollard,,
3916387,00-0034796,Lamar Jackson,,
3916433,00-0034960,Jakobi Meyers,,
3916566,00-0036345,K.J. Osborn,,
3916945,00-0035535,Darius Slayton,,
3917232,00-0036162,Tyler Bass,,
3917315,00-0035228,Kyler Murray,,
3917668,00-0035125,Alec Ingold,,
3917792,00-0035710,Daniel Jones,,
3917914,00-0035208,Olamide Zaccheaus,,
3918298,00-0034857,Josh Allen,,
3921690,00-0035249,Josh Oliver,,
3924327,00-0035704,Drew Lock,,
3925357,00-0034837,Calvin Ridley,,
3926231,00-0037132,Britain Covey,,
3929630,00-0034844,Saquon Barkley,,
3929645,00-0036040,Juwan Johnson,,
3929785,00-0036182,Nick Westbrook-Ikhine,,
3929914,00-0036727,Adam Prentice,,
3930066,00-0036415,Van Jefferson,,
3930086,00-0035689,Dawson Knox,,
3953687,00-0037692,Brandon Aubrey,,
3975763,00-0034450,Greg Joseph,,
4012556,00-0032918,C.J. Ham,,
4032473,00-0037545,Rashid Shaheed,,
4034704,00-0036959,Michael Bandy,,
4034779,00-0037311,Ko Kieft,,
4034862,00-0036741,Jack Stoll,,
4034949,00-0034173,Eddy Pineiro,,
4035004,00-0035140,Mecole Hardman Jr.,,
4035020,00-0036429,Charlie Woerner,,
4035115,00-0036423,Albert Okwuegbunam Jr.,,
4035537,00-0036842,Kene Nwangwu,,
4035538,00-0035685,David Montgomery,,
4035656,00-0036862,Ben Skowronek,,
4035671,00-0035993,Tyler Huntley,,
4035687,00-0036252,Michael Pittman Jr.,,
4035693,00-0037745,Velus Jones Jr.,,
4036032,00-0037329,Brittain Brown,,
4036131,00-0035644,Noah Fant,,
4036133,00-0035229,T.J. Hockenson,,
4036335,00-0034418,Cedrick Wilson Jr.,,
4036378,00-0036264,Jordan Love,,
4036419,00-0037327,Skylar Thompson,,
4037235,00-0035500,Greg Dortch,,
4037457,00-0035594,Travis Homer,,
4038441,00-0034975,Justice Hill,,
4038524,00-0035289,Gardner Minshew II,,
4038815,00-0036139,Rico Dowdle,,
4038941,00-0036355,Justin Herbert,,
4039050,00-0036331,Devin Duvernay,,
4039057,00-0035406,Lil'Jordan Humphrey,,
4039358,00-0035973,Patrick Taylor Jr.,,
4039505,00-0036187,Reggie Gilliam,,
4040612,00-0036887,Luke Farrell,,
4040655,00-0036309,Darnell Mooney,,
4040715,00-0036389,Jalen Hurts,,
4040761,00-0035250,Devin Singletary,,
4044111,00-0037324,Chris Oladokun,,
4045163,00-0035243,Miles Sanders,,
4045305,00-0034365,Ian Thomas,,
4047365,00-0035700,Josh Jacobs,,
4047646,00-0035676,A.J. Brown,,
4047650,00-0035640,DK Metcalf,,
4048228,00-0036628,John Bates,,
4050373,00-0036271,Quez Watkins,,
4051167,00-0037542,Parker Romo,,
4057082,00-0036176,Mason Kinsey,,
4061956,00-0035021,Ashton Dulin,,
4212909,00-0033589,David Moore,,
4239086,00-0038122,Desmond Ridder,,
4239934,00-0036265,AJ Dillon,,
4239944,00-0037004,Hunter Long,,
4239993,00-0036410,Tee Higgins,,
4239996,00-0036973,Travis Etienne Jr.,,
4240021,00-0036414,Cam Akers,,
4240391,00-0038476,Tommy DeVito,,
4240472,00-0036637,Noah Gray,,
4240600,00-0036913,Kadarius Toney,,
4240603,00-0037563,Malik Davis,,
4240631,00-0036425,DeeJay Dallas,,
4240657,00-0036924,Michael Carter,,
4240703,00-0038102,Kenny Pickett,,
4240911,00-0039617,Jacob Kibodi,,
4241263,00-0038046,Charlie Kolar,,
4241372,00-0035662,Hollywood Brown,,
4241374,00-0037086,Grant Calcaterra,,
4241389,00-0036358,CeeDee Lamb,,
4241410,00-0037755,Jelani Woods,,
4241416,00-0036555,Chuba Hubbard,,
4241424,00-0036630,Tylan Wallace,,
4241457,00-0036893,Najee Harris,,
4241463,00-0036407,Jerry Jeudy,,
4241464,00-0036972,Mac Jones,,
4241474,00-0037746,Brian Robinson Jr.,,
4241476,00-0038679,Tyrell Shavers,,
4241478,00-0036912,DeVonta Smith,,
4241479,00-0036212,Tua Tagovailoa,,
4241555,00-0036567,Elijah Mitchell,,
4241961,00-0037304,Connor Heyward,,
4241983,00-0035891,Cody White,,
4241985,00-0036158,J.K. Dobbins,,
4242214,00-0036360,Clyde Edwards-Helaire,,
4242335,00-0036223,Jonathan Taylor,,
4242355,00-0038041,Jake Ferguson,,
4242392,00-0036754,Brock Wright,,
4242431,00-0037276,Ty Chandler,,
4242433,00-0036988,Joshua Palmer,,
4242512,00-0038128,Malik Willis,,
4242526,00-0038920,John Samuel Shenker,,
4242536,00-0037015,Sal Cannella,,
4242540,00-0036165,Isaiah Hodgins,,
4242546,00-0036898,Davis Mills,,
4242557,00-0036244,Colby Parkinson,,
4243003,00-0037557,Ronnie Rivers,,
4243315,00-0036020,Salvon Ahmed,,
4243331,00-0038129,Cade Otton,,
4243371,00-0036816,Riley Patterson,,
4243389,00-0037837,Calvin Austin III,,
4245645,00-0036569,Gary Brightwell,,
4245661,00-0038152,Lucas Havrisik,,
4248528,00-0038124,Christian Watson,,
4249087,00-0035269,Matt Gay,,
4249417,00-0037666,Jalen Tolbert,,
4249836,00-0038098,Pierre Strong Jr.,,
4250360,00-0038108,Bailey Zappe,,
4257188,00-0038576,Charlie Jones,,
4257364,00-0038440,Zavier Scott,,
4258173,00-0036554,Nico Collins,,
4258595,00-0036290,Cole Kmet,,
4258620,00-0038428,Andre Szmyt,,
4259147,00-0037112,Jake Tonges,,
4259305,00-0037091,Bo Melton,,
4259545,00-0036275,D'Andre Swift,,
4259553,00-0039107,Stetson Bennett IV,,
4259619,00-0038905,Blake Grupe,,
4260394,00-0038579,Aidan O'Connell,,
4262921,00-0036322,Justin Jefferson,,
4360078,00-0037664,Alec Pierce,,
4360086,00-0038589,Josh Whyle,,
4360234,00-0036854,Evan McPherson,,
4360238,00-0037258,Dameon Pierce,,
4360248,00-0036970,Kyle Pitts Sr.,,
4360294,00-0036328,Antonio Gibson,,
4360310,00-0036971,Trevor Lawrence,,
4360405,00-0038752,Jake Bobo,,
4360423,00-0039917,Michael Penix Jr.,,
4360438,00-0036261,Brandon Aiyuk,,
4360516,00-0039384,Tyrone Tracy Jr.,,
4360569,00-0037525,Jordan Mason,,
4360635,00-0037809,Chig Okonkwo,,
4360637,00-0039710,Jeshaun Jones,,
4360689,00-0040743,Tyler Shough,,
4360698,00-0039398,Joe Milton III,,
4360761,00-0038559,Michael Wilson,,
4360763,00-0038840,Brycen Tremayne,,
4360797,00-0036849,Tutu Atwell,,
4360799,00-0039797,Jordan Travis,,
4360939,00-0036550,Rashod Bateman,,
4360967,00-0039530,Brevyn Spann-Ford,,
4361050,00-0037838,Isaiah Likely,,
4361259,00-0037013,Zach Wilson,,
4361307,00-0037744,Trey McBride,,
4361370,00-0037239,Chris Olave,,
4361372,00-0037805,Jeremy Ruckert,,
4361409,00-0037741,Jahan Dotson,,
4361411,00-0036894,Pat Freiermuth,,
4361418,00-0039152,Will Levis,,
4361432,00-0037816,Romeo Doubs,,
4361516,00-0038115,Daniel Bellinger,,
4361529,00-0037197,Isiah Pacheco,,
4361577,00-0036626,Dyami Brown,,
4361579,00-0036997,Javonte Williams,,
4361741,00-0037834,Brock Purdy,,
4361777,00-0038040,Zamir White,,
4362018,00-0038710,Blake Whiteheart,,
4362081,00-0037224,Cameron Dicker,,
4362238,00-0038597,Chase Brown,,
4362249,00-0039146,Jayden Reed,,
4362452,00-0036755,Jaret Patterson,,
4362477,00-0038573,Derius Davis,,
4362478,00-0038705,Emari Demercado,,
4362619,00-0038611,Chris Rodriguez Jr.,,
4362628,00-0036900,Ja'Marr Chase,,
4362630,00-0036955,Terrace Marshall Jr.,,
4362748,00-0037085,Tyler Badie,,
4362887,00-0036945,Justin Fields,,
4362921,00-0038104,Tyquan Thornton,,
4363538,00-0038567,Chad Ryland,,
4363551,00-0038953,Dylan Drummond,,
4365395,00-0038720,Julian Hill,,
4366031,00-0038977,Tank Dell,,
4366963,00-0039407,Dylan Laube,,
4367209,00-0037252,Greg Dulcich,,
4367567,00-0037594,Julius Chestnut,,
4368003,00-0038619,Andrei Iosivas,,
4369863,00-0038979,Cedric Tillman,,
4371733,00-0036919,Kenny Gainwell,,
4372016,00-0036613,Jaylen Waddle,,
4372019,00-0037267,Jerome Ford,,
4372066,00-0038562,Jake Moody,,
4372096,00-0038547,Luke Schoonmaker,,
4372414,00-0036980,Elijah Moore,,
4372505,00-0039050,Payne Durham,,
4372561,00-0039363,Isaac Guerendo,,
4372716,00-0038519,Nikko Remigio,,
4372780,00-0037005,Tommy Tremble,,
4373030,00-0038809,Ben Sims,,
4373273,00-0039603,British Brooks,,
4373626,00-0037263,Tyler Allgeier,,
4373678,00-0037261,Khalil Shakir,,
4374302,00-0036963,Amon-Ra St. Brown,,
4379399,00-0037248,James Cook III,,
4382466,00-0037291,Jalen Nailor,,
4383351,00-0037012,Trey Lance,,
4383396,00-0038738,Hunter Luepke,,
4383429,00-0038896,Jacob Saylors,,
4383440,00-0038783,Nate Adkins,,
4385690,00-0038933,Dalton Kincaid,,
4386544,00-0038359,Xavier Smith,,
4401805,00-0037093,Dareke Young,,
4424106,00-0035645,Gunner Olszewski,,
4426338,00-0039732,Bo Nix,,
4426339,00-0039376,Spencer Rattler,,
4426348,00-0039910,Jayden Daniels,,
4426354,00-0037247,George Pickens,,
4426385,00-0039165,Zach Charbonnet,,
4426386,00-0039021,Roschon Johnson,,
4426388,00-0037240,Jameson Williams,,
4426485,00-0039062,Jonathan Mingo,,
4426496,00-0039359,Cade Stover,,
4426502,00-0037238,Drake London,,
4426515,00-0039075,Puka Nacua,,
4426535,00-0040311,Theo Wease Jr.,,
4426553,00-0039074,Davis Allen,,
4426689,00-0040476,Ulysses Bentley IV,,
4426844,00-0039041,Elijah Higgins,,
4426875,00-0037077,Sam Howell,,
4426948,00-0039355,Luke McCaffrey,,
4427095,00-0038621,DeMario Douglas,,
4427238,00-0040704,Dillon Gabriel,,
4427366,00-0038120,Breece Hall,,
4427600,00-0039757,Terrell Jennings,,
4427728,00-0037157,Bam Knight,,
4427834,00-0039814,Erick All Jr.,,
4427985,00-0039386,Bub Means,,
4428085,00-0039144,Luke Musgrave,,
4428209,00-0039916,Ricky Pearsall,,
4428331,00-0039067,Rashee Rice,,
4428557,00-0039032,Tyjae Spears,,
4428718,00-0038563,Tre Tucker,,
4428850,00-0038393,Dontayvion Wicks,,
4428963,00-0038097,Cade York,,
4429013,00-0038555,Tank Bigsby,,
4429022,00-0038608,Kayshon Boutte,,
4429023,00-0039811,MarShawn Lloyd,,
4429025,00-0038544,Quentin Johnston,,
4429059,00-0040583,Woody Marks,,
4429084,00-0039164,Anthony Richardson Sr.,,
4429086,00-0039066,Michael Mayer,,
4429096,00-0039738,Blake Corum,,
4429105,00-0040582,Arian Smith,,
4429121,00-0040205,Kalel Mullings,,
4429148,00-0039847,Theo Johnson,,
4429160,00-0039040,De'Von Achane,,
4429202,00-0038389,Israel Abanikanda,,
4429205,00-0038994,Jordan Addison,,
4429262,00-0039420,Jaheim Bell,,
4429275,00-0039921,Trey Benson,,
4429299,00-0040208,Tahj Brooks,,
4429435,00-0040398,Brady Cook,,
4429501,00-0039875,Ray Davis,,
4429615,00-0039064,Zay Flowers,,
4429676,00-0037120,Tyler Goodson,,
4429684,00-0039816,Anthony Gould,,
4429795,00-0039139,Jahmyr Gibbs,,
4429805,00-0039471,Frank Gore Jr.,,
4429835,00-0039299,George Holani,,
4429939,00-0039405,Jawhar Jordan,,
4429955,00-0040203,Will Howard,,
4430027,00-0039065,Sam LaPorta,,
4430034,00-0039342,Xavier Legette,,
4430191,00-0038090,Skyy Moore,,
4430539,00-0038935,Brenton Strange,,
4430637,00-0039907,Ja'Lynn Polk,,
4430656,00-0040506,Myles Price,,
4430723,00-0039824,Jared Wiley,,
4430737,00-0037840,Kyren Williams,,
4430802,00-0038558,Darnell Washington,,
4430807,00-0038542,Bijan Robinson,,
4430834,00-0039855,Jalen McMillan,,
4430841,00-0041561,Carson Beck,,
4430870,00-0040184,KeAndre Lambert-Smith,,
4430871,00-0038951,Sean Tucker,,
4430878,00-0038543,Jaxon Smith-Njigba,,
4430968,00-0039391,Kimani Vidal,,
4431268,00-0040705,Chimere Dike,,
4431280,00-0039868,Troy Franklin,,
4431299,00-0039919,Rome Odunze,,
4431325,00-0041092,Taylen Green,,
4431452,00-0039851,Drake Maye,,
4431459,00-0040128,Tyler Warren,,
4431466,00-0040172,Jordan Watkins,,
4431487,00-0040009,Savion Williams,,
4431492,00-0039739,Roman Wilson,,
4431545,00-0039746,Will Shipley,,
4431562,00-0040021,Phil Mafah,,
4431574,00-0041483,Eli Stowers,,
4431588,00-0039356,Ja'Tavion Sanders,,
4431611,00-0039918,Caleb Williams,,
4432260,00-0040879,Matthew Hibner,,
4432577,00-0039163,C.J. Stroud,,
4432620,00-0038606,Parker Washington,,
4432665,00-0039338,Brock Bowers,,
4432708,00-0039849,Marvin Harrison Jr.,,
4432710,00-0040734,TreVeyon Henderson,,
4432734,00-0040673,Jalen Milroe,,
4432762,00-0040668,Shedeur Sanders,,
4432773,00-0039893,Brian Thomas Jr.,,
4432775,00-0040581,Dont'e Thornton Jr.,,
4433970,00-0039923,J.J. McCarthy,,
4434153,00-0038416,Tyson Bagent,,
4565185,00-0040154,Tai Felton,,
4565859,00-0041087,Joe Royer,,
4566158,00-0040530,Ben Sauls,,
4566192,00-0039750,Joshua Karty,,
4567048,00-0038134,Kenneth Walker III,,
4567096,00-0037614,John Metchie III,,
4567104,00-0039404,Will Reichard,,
4567156,00-0037742,Treylon Burks,,
4567747,00-0040906,Garrett Nussmeier,,
4567750,00-0040129,Emeka Egbuka,,
4568024,00-0040429,Josh Williams,,
4568263,00-0040279,Ryan Fitzgerald,,
4568490,00-0040730,RJ Harvey,,
4569173,00-0036875,Rhamondre Stevenson,,
4569371,00-0039451,Isaiah Williams,,
4569382,00-0039751,Jordan Whittington,,
4569559,00-0039424,Devaughn Vele,,
4569587,00-0038117,Wan'Dale Robinson,,
4569603,00-0039880,Malik Washington,,
4569618,00-0037740,Garrett Wilson,,
4569682,00-0039373,Audric Estime,,
4569923,00-0040200,Andy Borregales,,
4569987,00-0037228,Jaylen Warren,,
4570037,00-0040737,Terrance Ferguson,,
4570561,00-0038396,Eric Gray,,
4570738,00-0040534,Ke'Shawn Williams,,
4571557,00-0039576,Spencer Shrader,,
4572680,00-0038996,Tucker Kraft,,
4573398,00-0040494,Max Brosmer,,
4573697,00-0039623,Mason Tipton,,
4573699,00-0040194,Jackson Hawes,,
4574716,00-0039498,Harrison Mevis,,
4575131,00-0040242,Jacory Croskey-Merritt,,
4575665,00-0039365,Jacob Cowing,,
4576297,00-0039793,AJ Barner,,
4586312,00-0040138,Jaylin Noel,,
4594749,00-0040939,Michael Trigg,,
4595342,00-0040189,Oronde Gadsden,,
4595348,00-0039337,Malik Nabers,,
4596334,00-0038454,Keaton Mitchell,,
4596448,00-0039361,Bucky Irving,,
4596545,00-0040566,CJ Dippre,,
4596602,00-0040078,Brashard Smith,,
4597500,00-0039890,Adonai Mitchell,,
4597703,00-0040648,Tory Horton,,
4599739,00-0038551,Kendre Miller,,
4600981,00-0040134,Pat Bryant,,
4601080,00-0040466,Raheim Sanders,,
4602667,00-0040164,Jaylin Lane,,
4603186,00-0040729,Jack Bech,,
4605951,00-0041399,CJ Daniels,,
4608686,00-0040236,Kyle Monangai,,
4608810,00-0040237,Tez Johnson,,
4612826,00-0039915,Ladd McConkey,,
4613104,00-0039920,Malachi Corley,,
4613202,00-0040131,Kyle Williams,,
4635008,00-0039901,Keon Coleman,,
4678006,00-0040739,Elijah Arroyo,,
4678008,00-0039344,Jonathon Brooks,,
4682648,00-0041042,Malachi Fields,,
4682652,00-0040202,Devin Neal,,
4682745,00-0039874,Jaylen Wright,,
4683062,00-0039894,Xavier Worthy,,
4683151,00-0041132,Deion Burks,,
4683153,00-0041443,Skyler Bell,,
4683243,00-0040187,Mitchell Evans,,
4683423,00-0040206,Riley Leonard,,
4685201,00-0038400,Tanner McKee,,
4685246,00-0041096,Kaytron Allen,,
4685247,00-0039794,Braelon Allen,,
4685261,00-0041489,Germie Bernard,,
4685278,00-0040735,Luther Burden III,,
4685279,00-0040586,Jaydon Blue,,
4685307,00-0041529,Kevin Coleman Jr.,,
4685350,00-0040644,Trevor Etienne,,
4685382,00-0040666,Omarion Hampton,,
4685397,00-0040177,Jordan James,,
4685413,00-0041056,Cade Klubnik,,
4685415,00-0040718,Travis Hunter,,
4685441,LAW090280,Kendrick Law,,
4685472,00-0040124,Tetairoa McMillan,,
4685477,00-0041129,Jam Miller,,
4685504,00-0041558,Sam Roush,,
4685512,00-0041512,Jadarian Price,,
4685522,SIM639376,Ty Simpson,,
4685526,00-0040888,Adam Randall,,
4685553,00-0041550,Brenen Thompson,,
4685555,00-0040886,Nicholas Singleton,,
4685702,00-0040784,Quinshon Judkins,,
4685720,00-0039150,Bryce Young,,
4686248,00-0041503,Nate Boerkircher,,
4686361,00-0039409,Cam Little,,
4686422,00-0038618,Xavier Hutchinson,,
4686468,00-0041125,Seth McGowan,,
4686472,00-0038976,Marvin Mims Jr.,,
4686612,00-0040727,Tre' Harris,,
4686658,WAS569019,Mike Washington Jr.,,
4686728,00-0040584,Gunnar Helm,,
4688380,00-0040676,Cam Ward,,
4688813,00-0038997,Josh Downs,,
4689114,00-0040691,Jaxson Dart,,
4689936,00-0039172,Jake Bates,,
4690013,00-0039796,Rasheen Ali,,
4690070,00-0038839,Mitchell Tinsley,,
4690143,00-0040075,LaJohntay Wester,,
4690923,00-0039912,Ben Sinnott,,
4692590,00-0038938,Jalin Hyatt,,
4692835,00-0038640,Jalen Brooks,,
4693370,00-0041398,Riley Nowakowski,,
4695193,00-0040563,Efton Chism III,,
4695404,00-0039798,Isaiah Davis,,
4695705,00-0041472,Marlin Klein,,
4695883,00-0039491,Jalen Coker,,
4696044,00-0041052,Kaelon Black,,
4696700,00-0039737,Tip Reiman,,
4696736,00-0038354,Tanner Brown,,
4696882,00-0039792,Devontez Walker,,
4696981,00-0040715,Cam Skattebo,,
4697745,00-0040074,Tyler Loop,,
4697815,00-0037256,Rachaad White,,
4698191,00-0039244,Chris Collier,,
4698253,00-0040568,Lan Larison,,
4698597,00-0041099,Barion Brown,,
4701936,00-0040667,Matthew Golden,,
4702555,00-0041496,Jonah Coleman,,
4702559,00-0041041,Oscar Delp,,
4708049,00-0040215,Gavin Bartholomew,,
4708486,00-0040218,Jimmy Horn Jr.,,
4710341,00-0040692,Jarquez Hunter,,
4710714,00-0041035,De'Zhaun Stribling,,
4710855,00-0040590,Konata Mumpfield,,
4711533,00-0040198,Ollie Gordon II,,
4714771,ALL015451,Drew Allar,,
4715355,00-0040024,Darius Cooper,,
4722893,00-0038794,Jaleel McLaughlin,,
4722908,00-0037292,Drew Ogletree,,
4723086,00-0040126,Colston Loveland,,
4723820,00-0041511,Omar Cooper Jr.,,
4808766,00-0040736,Mason Taylor,,
4808830,00-0040651,Damien Martinez,,
4808839,00-0040782,Isaiah Bond,,
4819231,00-0040142,Kaleb Johnson,,
4831959,00-0041395,Eli Raridon,,
4832800,00-0041037,Denzel Boston,,
4832846,00-0041104,Demond Claiborne,,
4832955,00-0041013,Emmett Johnson,,
4833029,00-0041510,Max Klare,,
4837248,MEN516487,Fernando Mendoza,,
4869132,00-0041070,Reggie Virgil,,
4869461,00-0040899,Trey Smack,,
4869645,00-0041523,Caleb Douglas,,
4869748,00-0041051,Zavion Thomas,,
4869961,00-0041525,Chris Bell,,
4870612,00-0041044,Zachariah Branch,,
4870653,00-0041547,KC Concepcion,,
4870795,00-0040867,Makai Lemon,,
4870808,00-0041027,Jeremiyah Love,,
4870847,00-0040870,Ja'Kobi Lane,,
4871023,00-0041438,Carnell Tate,,
4874509,00-0040179,DJ Giddens,,
4876132,00-0040887,Josh Cuevas,,
4877203,00-0040259,Gage Larvadain,,
4877706,00-0040130,Jayden Higgins,,
4878695,00-0041081,Max Bredeson,,
4879194,00-0041100,Josh Cameron,,
4879250,00-0040891,Cole Payton,,
4879276,00-0041067,Bryce Lance,,
4880236,00-0041524,Will Kacmarek,,
4880281,00-0041029,Jordyn Tyson,,
4882093,00-0040719,Bhayshul Tuten,,
4883647,00-0040170,Elic Ayomanor,,
4887558,00-0038797,Emanuel Wilson,,
4889929,00-0040234,Quinn Ewers,,
4890973,00-0040122,Ashton Jeanty,,
4911851,00-0040238,LeQuint Allen Jr.,,
4912052,00-0041077,Justin Joly,,
4912218,00-0040890,Cyrus Allen,,
4912274,00-0039364,Sione Vaki,,
4917427,00-0041084,Tanner Koziol,,
5081338,00-0041397,Kaden Wetjen,,
5081397,00-0040162,Dylan Sampson,,
5081432,00-0041040,Antonio Williams,,
5081508,00-0041490,Eli Heidenreich,,
5082424,00-0041145,Dominic Zvada,,
5082630,00-0040646,Jalen Royals,,
5083076,00-0040663,Harold Fannin Jr.,,
5083315,00-0041032,Kenyon Sadiq,,
5083754,00-0039410,Ryan Flournoy,,
5088338,00-0040876,Elijah Sarratt,,
5091739,00-0041047,Chris Brazzell II,,
5092436,00-0039934,Jude McAtamney,,
5092508,00-0041069,Colbie Young,,
5097554,00-0039589,Kameron Johnson,,
5123663,00-0040669,Isaac TeSlaa,,
5150247,00-0040894,Malik Benson,,
5160110,00-0040277,Jahdae Walker,,
5208518,00-0039229,Charlie Smyth,,
5220680,00-0041048,Ted Hurst III,,
4035886,00-0036906,Khalil Herbert,,
4039034,00-0036679,Shane Buechele,,
4240573,00-0036635,Ihmir Smith-Marsette,,
4240858,00-0038550,Hendon Hooker,,
3052177,00-0033460,John Ross,,
3120590,00-0035282,Easton Stick,,
4362504,00-0036556,Brevin Jordan,,
4683159,00-0041467,Lewis Bond,,
3914307,00-0037708,Maurice Alexander,,
4372070,00-0038489,Ben VanSumeren,,
4373684,00-0038614,Scott Matlock,,
4374033,00-0036670,Jermar Jefferson,,
4426407,00-0039052,Trey Palmer,,
4426479,00-0039437,Cornelius Johnson,,
4596439,00-0040241,Dominic Lovett,,
4685039,00-0039238,Michael Pratt,,
4686781,00-0039415,Brenden Rice,,
5178972,00-0040388,Jakobie Keeney-James,,
4361112,00-0039754,Devin Culp,,
4567506,00-0039884,Tahj Washington,,
4686104,00-0039236,Johnny Wilson,,
2983509,00-0033854,Dare Ogunbowale,,
3728262,00-0034407,Ray-Ray McCloud III,,
4241802,00-0036387,Jalen Reagor,,
4259308,00-0037429,Raheem Blackshear,,
4361088,00-0039686,Colson Yankoff,,
4372071,00-0037617,Hassan Haskins,,
4426364,00-0039316,Baylor Cupp,,
4431465,00-0041123,Behren Morton,,
4433971,00-0040014,Kyle McCord,,
4714365,00-0039325,Carson Steele,,
5081335,00-0041182,Drew Stevens,,
4432722,00-0041117,Athan Kaliakmanis,,
4685381,00-0040895,Emmanuel Henderson Jr.,,
2980453,00-0033948,Jamaal Williams,,
3128444,00-0035189,Matthew Wright,,
3932442,00-0034279,Equanimeous St. Brown,,
4035222,00-0035291,Trayveon Williams,,
4249030,00-0035045,D.J. Montgomery,,
4362162,00-0038910,SaRodorick Thompson Jr.,,
4427105,00-0038637,Max Duggan,,
4428943,00-0040067,Jacardia Wright,,
4430104,00-0037509,Sincere McCormick,,
4430388,00-0039046,DeWayne McBride,,
4431453,00-0038622,Deuce Vaughn,,
4432338,00-0040250,Luke Lachey,,
4361765,00-0039649,Brayden Narveson,,
4567216,00-0039595,D.J. Williams,,
4698301,00-0039614,Jermaine Jackson,,
4775196,00-0040220,Tommy Mellott,,
4887918,00-0040247,Junior Bergen,,
3135321,00-0034983,Hunter Renfrow,,
4241401,00-0036984,Trey Sermon,,
4241820,00-0036879,Sam Ehlinger,,
4243176,00-0038488,Brady Russell,,
4245144,00-0037524,Tay Martin,,
4360739,00-0036646,Simi Fehoko,,
4384852,00-0040785,Dohnte Meyers,,
4431210,00-0040432,Beaux Collins,,
4431353,00-0040522,Xavier Restrepo,,
4431431,00-0040556,Corey Kiner,,
4431506,00-0040315,Ja'Corey Brooks,,
4596472,00-0041251,Jalon Daniels,,
4600597,00-0040621,Montorie Foster Jr.,,
4602788,00-0040390,Jackson Meeks,,
4808759,00-0040930,Camden Brown,,
5085024,00-0041106,CJ Williams,,
5344782,00-0041194,Jack Strand,,
3127306,00-0034860,Dante Pettis,,
4635009,00-0040948,J. Michael Sturdivant,,
3059722,00-0033891,Zay Jones,,
4039607,00-0036096,J.J. Taylor,,
4361182,00-0038658,Adrian Martinez,,
4372026,00-0038564,Cameron Latu,,
4428993,00-0041149,Haynes King,,
4685540,00-0041131,Carsen Ryan,,
4714379,00-0041579,Seydou Traore,,
4369886,00-0036463,Chris Blair,,
4429582,00-0040981,Joe Fagnano,,
4429466,00-0040628,Drake Dabney,,
4242519,00-0038402,Anders Carlson,,
15880,00-0030431,Robert Woods,,
16140,00-0029857,Ryan Griffin,,
16763,00-0031299,Jordan Matthews,,
16799,00-0031428,Allen Robinson,,
2508256,00-0031585,MyCole Pruitt,,
2511109,00-0032156,Trevor Siemian,,
2511973,00-0031690,Eric Tomlinson,,
2565969,00-0031800,Taylor Heinicke,,
2574576,00-0032134,C.J. Uzomah,,
2574630,00-0032436,Jeff Driskel,,
2574808,00-0032688,Robbie Chosen,,
2580216,00-0031763,DeAndre Carter,,
2971281,00-0033439,Pharaoh Brown,,
2971618,00-0031549,Nelson Agholor,,
2978109,00-0033251,Zach Pascal,,
3040569,00-0033292,Trent Taylor,,
3045144,00-0033009,Tyler Boyd,,
3045169,00-0034177,Tim Boyle,,
3047876,00-0034854,KhaDarel Hodge,,
3049698,00-0033455,Anthony Firkser,,
3050487,00-0034353,Anthony Miller,,
3051381,00-0034401,Mike White,,
3051926,00-0034184,Gus Edwards,,
3052056,00-0034054,River Cracraft,,
3061612,00-0033572,Jamal Agnew,,
3115255,00-0034646,Brandon Powell,,
3115306,00-0033943,Josh Reynolds,,
3115349,00-0035726,Jakob Johnson,,
3115378,00-0034411,Russell Gage Jr.,,
3115394,00-0034777,DJ Chark,,
3119195,00-0034681,Chase Edmonds,,
3121409,00-0033591,Noah Brown,,
3121410,00-0035639,Parris Campbell,,
3122154,00-0035099,Khari Blasingame,,
3122976,00-0034115,Jeff Wilson Jr.,,
3124092,00-0034899,John Wolford,,
3125116,00-0033925,D'Onta Foreman,,
3127292,00-0034159,Will Dissly,,
3128390,00-0034521,Allen Lazard,,
3128452,00-0034364,Jordan Akins,,
3139033,00-0034208,Mike Boone,,
3139602,00-0035628,D'Ernest Johnson,,
3722362,00-0034955,Brett Rypien,,
3886818,00-0035311,Myles Gaskin,,
3910544,00-0036370,Joshua Kelley,,
3915381,00-0034808,John Kelly Jr.,,
3916430,00-0034367,Nyheim Hines,,
3917612,00-0036450,Ke'Shawn Vaughn,,
3924365,00-0034830,Hayden Hurst,,
3928925,00-0035806,JaMycal Hasty,,
3929636,00-0037156,Irv Charles,,
3929637,00-0035976,Dan Chisena,,
3931391,00-0035341,Trenton Irwin,,
3932905,00-0035216,Diontae Johnson,,
3948283,00-0035039,Stephen Carlson,,
4034946,00-0036928,Kyle Trask,,
4034948,00-0036825,Feleipe Franks,,
4035676,00-0036251,Zack Moss,,
4036275,00-0036032,Sean McKeon,,
4036431,00-0036297,Darrynton Evans,,
4039160,00-0036876,Kylen Granson,,
4039274,00-0035924,Jonathan Ward,,
4044144,00-0036510,Kenny Yeboah,,
4046676,00-0035860,Tony Jones Jr.,,
4048244,00-0034972,Alexander Mattison,,
4048259,00-0036950,Avery Williams,,
4242442,00-0038735,Princeton Fant,,
4243537,00-0036196,Gabe Davis,,
4244049,00-0036590,Quintin Morris,,
4248068,00-0037609,Aaron Shampklin,,
4248557,00-0038498,E.J. Jenkins,,
4360978,00-0039648,David Martin-Robinson,,
4361426,00-0038590,Justin Shorter,,
4361438,00-0037078,Cole Turner,,
4362186,00-0038092,Erik Ezukanma,,
4362523,00-0038394,Will Mallory,,
4369466,00-0038824,Ryan Miller,,
4374045,00-0037277,Teagan Quitoriano,,
4379401,00-0037306,John FitzPatrick,,
4390717,00-0036799,Josh Johnson,,
4421446,00-0035567,Craig Reynolds,,
4426335,00-0040211,Graham Mertz,,
4428512,00-0039577,Kedon Slovis,,
4428678,00-0039379,Jamari Thrash,,
4430431,00-0040589,Kurtis Rourke,,
4430681,00-0038728,Jared Wayne,,
4432208,00-0040240,Caleb Lohner,,
4432731,00-0040244,Moliki Matavao,,
4433959,00-0040509,Ben Yurosek,,
4569372,00-0040629,Dalevon Campbell,,
4569547,00-0040058,Nick Kallerup,,
4570409,00-0037257,David Bell,,
4578436,00-0040352,Coleman Owen,,
4590292,00-0040225,Thomas Fidone II,,
4608362,00-0036534,Shane Zylstra,,
4685110,00-0040900,Anthony Smith,,
4688552,00-0040363,Keleki Latu,,
4691688,00-0040649,Robbie Ouzts,,
4877034,00-0040901,Jaren Kanak,,
4878878,00-0040039,Amar Johnson,,
4890373,00-0041094,Bauer Sharp,,
4916349,00-0037031,Nikola Kalinic,,
5083297,00-0040317,Jacoby Jones,,
5085189,00-0041116,Jack Endries,,
5159802,00-0041133,Dallen Bentley,,
5208436,00-0039228,Louis Rees-Zammit,,
4035312,00-0037175,Anthony Brown Jr.,,
4240069,00-0038911,Malik Cunningham,,
4240350,00-0038727,Xazavian Valladay,,
4240750,00-0038656,Mohamed Ibrahim,,
4243322,00-0038998,Jake Haener,,
4248909,00-0038862,Elijah Dotson,,
4250764,00-0037475,Stone Smartt,,
4259592,00-0038391,Sean Clifford,,
4360175,00-0038582,Clayton Tune,,
4360231,00-0037539,Lucas Krull,,
4360290,00-0038643,Brayden Willis,,
4361417,00-0038406,Zack Kuntz,,
4367178,00-0038583,Dorian Thompson-Robinson,,
4367186,00-0038651,Chase Cota,,
4372526,00-0038518,Deneric Prince,,
4373632,00-0038598,Jaren Hall,,
4427391,00-0038636,Kenny McIntosh,,
4428119,00-0038409,Lew Nichols,,
4431342,00-0040597,Brennan Presley,,
4565908,00-0038941,Tyler Scott,,
4569609,00-0038397,Evan Hull,,
4572786,00-0037570,Dennis Houston,,
4613050,00-0040406,Quentin Skinner,,
4689988,00-0038492,Jason Brownlee,,
